{
    "training_loss_list": [
        0.6266328834715574,
        0.4486245211354567,
        0.30464413961640346,
        0.2508171526622644,
        0.21926643400770615,
        0.20353260869662154,
        0.19762429110854798,
        0.19470826589662218,
        0.19363794330784317,
        0.19329205433085486,
        0.19336548670502976,
        0.19383104688673378,
        0.19427831980444815,
        0.19475411777094617
    ],
    "validation_loss_list": [
        0.5270566118686262,
        0.30814705914837215,
        0.2355127961131762,
        0.20504784833436268,
        0.1922366711758489,
        0.1901597796792061,
        0.18519350788844852,
        0.18577554369170085,
        0.1870685339803959,
        0.184372655733014,
        0.18627094653385606,
        0.1849711768281817,
        0.1856598978782901,
        0.1850907147525513
    ],
    "training_accuracy_list": [
        0.614806763503355,
        0.7918361459359624,
        0.8791358591017147,
        0.9053249256550938,
        0.9205415276936658,
        0.9284998975591973,
        0.9316702897568236,
        0.9331912720436036,
        0.9336430284514264,
        0.9338337867845339,
        0.9337678781798077,
        0.9336302233510797,
        0.9335285357895022,
        0.9332157523825019
    ],
    "validation_accuracy_list": [
        0.74457922043409,
        0.8879097180751708,
        0.9151491640307965,
        0.9298693086969205,
        0.9375142230075952,
        0.9395317900447347,
        0.940020526950022,
        0.940878871139933,
        0.9403840250233295,
        0.9400342726754832,
        0.9408208336324302,
        0.9396944477960256,
        0.9399678350024208,
        0.9393011673175522
    ]
}