{
    "training_loss_list": [
        2.436962764983671,
        0.33708148934645055,
        0.20191651132085628,
        0.14812769206139417,
        0.1193834093080355,
        0.10035840063794228,
        0.08740858384583104,
        0.0783375923693685,
        0.07286616835204088,
        0.0683757838180368,
        0.06521681698454622,
        0.062450744277529016,
        0.06001767726895259,
        0.05824175803492367,
        0.05684664006658549,
        0.055379294954162155,
        0.054383359955365654,
        0.05300171052221644,
        0.05215431804618807,
        0.05095337823645855,
        0.050314551238607785,
        0.04932657099955378,
        0.04883879213643373,
        0.047814005626322806,
        0.047398796338078496,
        0.046535614893786284,
        0.046444523126420244
    ],
    "validation_loss_list": [
        0.404910255737853,
        0.18288231624438847,
        0.1250321241831918,
        0.102970242973069,
        0.08181674531230392,
        0.066364735655822,
        0.0594053029254037,
        0.05636291699582961,
        0.050080767101035394,
        0.04568824041213297,
        0.04140292946950898,
        0.04087347851827929,
        0.0380445496076312,
        0.03863578870487619,
        0.037166202955720797,
        0.033321209739276554,
        0.0340170949122765,
        0.033812663481739155,
        0.03427978286279632,
        0.034983429522316825,
        0.030496044592435458,
        0.034159153131875106,
        0.029219612798451672,
        0.03002306480216843,
        0.029399242528667827,
        0.0294675095760694,
        0.02934440110240986
    ],
    "training_accuracy_list": [
        0.9179037658017074,
        0.9526080762663223,
        0.9591253632740255,
        0.9645901534102884,
        0.9693447615684906,
        0.9734730242771158,
        0.976671060517303,
        0.9787992835250029,
        0.9803799294083759,
        0.9814043399868987,
        0.9822443946728115,
        0.9828857335569537,
        0.9833551758814345,
        0.9838111029972931,
        0.9841886841381711,
        0.9845219185007579,
        0.9848084831585718,
        0.9851771949437915,
        0.9854517226189264,
        0.985673878860651,
        0.9859236990450239,
        0.986122837197064,
        0.9863291553036846,
        0.9866034718036848,
        0.9867035688175417,
        0.9869310044376343,
        0.9870454613606521
    ],
    "validation_accuracy_list": [
        0.9634953708455648,
        0.9722396143397725,
        0.9758996571757026,
        0.9788352185248291,
        0.9807571900724652,
        0.9830178802373083,
        0.9858302711801777,
        0.9860415426409104,
        0.9878557400830716,
        0.9883869124600552,
        0.9891832433505088,
        0.9891977843012475,
        0.990278091406127,
        0.9900112221925701,
        0.9899547690897023,
        0.9915525629708702,
        0.9911710768514908,
        0.991387480412484,
        0.9911856178022294,
        0.9909752016915403,
        0.9919982003435086,
        0.9911984480528812,
        0.9924754856677547,
        0.9918998350885116,
        0.9924806177680153,
        0.9926285933255325,
        0.9924977247688844
    ]
}