{
    "training_loss_list": [
        0.6521269304738122,
        0.4979192112265587,
        0.3722173337680023,
        0.28721352411851714,
        0.2369294449789733,
        0.21926081241665493,
        0.2093630102242355,
        0.20616510159633097,
        0.20391218825247118,
        0.20240986035180134,
        0.20219180126834113,
        0.20244776571910963,
        0.20267426586244247,
        0.20211453991500333,
        0.201794142543649,
        0.2016880258815797
    ],
    "validation_loss_list": [
        0.6046849342422256,
        0.3759743031471092,
        0.28405951790387773,
        0.22088743505794636,
        0.20424299526056675,
        0.1967397481301986,
        0.19037909801828617,
        0.19260713649246852,
        0.19085075930766823,
        0.188275577539885,
        0.18911804978955946,
        0.18789074108551004,
        0.18944170483322423,
        0.19082349245325506,
        0.18948019616821926,
        0.1888133390953516
    ],
    "training_accuracy_list": [
        0.5799012798480215,
        0.7463630362422989,
        0.8407756378228182,
        0.8880976625869038,
        0.9130822151257991,
        0.9222045585953982,
        0.9271433114710755,
        0.9287294479079513,
        0.9297295733459813,
        0.9301443213105698,
        0.9300112809756967,
        0.9298528996246573,
        0.9297038099795456,
        0.9298940787759276,
        0.9300252185345882,
        0.9300374666924018
    ],
    "validation_accuracy_list": [
        0.7185068667501489,
        0.861419607360116,
        0.9003619841383887,
        0.9245529940672921,
        0.933434093568452,
        0.9376697869836251,
        0.9378733602939667,
        0.938727854987375,
        0.9389733404498457,
        0.9386183701818132,
        0.939623406482869,
        0.9384122308213413,
        0.9386611376839858,
        0.9395968906315221,
        0.9384139415214282,
        0.9373498860673742
    ]
}