{
    "training_loss_list": [
        0.408117652413136,
        0.13839155515308452,
        0.12438931808981724,
        0.11703787484515403,
        0.11128537190290723,
        0.10740613969115469,
        0.10378533452225507,
        0.10101037828708256,
        0.097831164849485,
        0.09524564327303395,
        0.0939002847773066,
        0.09242155413585168,
        0.09099577944333406,
        0.08974522592502301,
        0.08878189308518272,
        0.08781216374229737,
        0.08682909538550415,
        0.0861414216616711
    ],
    "validation_loss_list": [
        0.04905665448999257,
        0.03468187682534846,
        0.028821216511052,
        0.02612913538479987,
        0.024597323915047223,
        0.024631446371368586,
        0.023712050509150064,
        0.024440361351727734,
        0.02113112901919675,
        0.020743081011471015,
        0.022208983787336864,
        0.02105331093132337,
        0.02179923913873799,
        0.019020843238876286,
        0.0192858146734316,
        0.024614429792420258,
        0.02454654119488915,
        0.02530443466862194
    ],
    "training_accuracy_list": [
        0.9300315537886298,
        0.95496352371898,
        0.9599618279826482,
        0.9628479585488552,
        0.9649390147328445,
        0.9665310640734923,
        0.9679180623583279,
        0.9688805986223779,
        0.9699045868506312,
        0.9707127540912015,
        0.9713063673948971,
        0.9718524662932809,
        0.9724029998694937,
        0.9728663181150676,
        0.9732861342828893,
        0.9736297162270775,
        0.9738877722417043,
        0.9740907115461694
    ],
    "validation_accuracy_list": [
        0.9885280452172247,
        0.9921282135501133,
        0.9950492339485011,
        0.9956839036807423,
        0.9961038805520771,
        0.9961526355045539,
        0.9964109512176763,
        0.9960944717015991,
        0.996593996126975,
        0.9966880846317547,
        0.9965084611226298,
        0.9966076817276702,
        0.9963647623153299,
        0.997107206153046,
        0.9970601619006563,
        0.9954127577169681,
        0.9956685073799602,
        0.9950552213988052
    ]
}