{
    "training_loss_list": [
        0.38113619084503125,
        0.3232668797722885,
        0.30489716723494203,
        0.2939084151772026,
        0.2853760465960387,
        0.2726937574913164,
        0.25367182790058945,
        0.24077575447802033,
        0.23428434714613167,
        0.2296503110716302,
        0.2262989506797062,
        0.2238276866613052,
        0.22005045199931839,
        0.21566099138574826,
        0.21068923514772214,
        0.20801047052920685,
        0.206081594381129,
        0.20447001453736435,
        0.20347244574853104,
        0.20173386886527517,
        0.20006725459466748,
        0.196820138854739,
        0.1938690728303925,
        0.1920742214206339,
        0.1905461448482939,
        0.1891844084034242,
        0.1865001359736278,
        0.18472799697244405,
        0.18341404139903766,
        0.18119293341296772,
        0.17848665770800148,
        0.17694942874358266,
        0.17586021205228455,
        0.17520252124638425,
        0.17458125738311273,
        0.1741801032208195,
        0.17351948391396235,
        0.17293091239937655,
        0.17246372957473502,
        0.1722834993288852,
        0.17179315424411618,
        0.17154709501316975,
        0.1715379527940392,
        0.17151097167185955,
        0.17114936222715704,
        0.17111805852867418,
        0.17103539874779203,
        0.17059339496955142,
        0.1703918388114137,
        0.1699886897721079
    ],
    "validation_loss_list": [
        0.3207008770116319,
        0.29874069421033694,
        0.28635742524578933,
        0.2776990294124482,
        0.2720336459685116,
        0.24320325178613833,
        0.22684454107606922,
        0.21396523185812,
        0.20769656820849047,
        0.20665903025069365,
        0.2032419513095258,
        0.1990536335513857,
        0.1973869256797959,
        0.1914798458106873,
        0.1884199443252133,
        0.18589718468374947,
        0.184687798896307,
        0.1819795881792177,
        0.17964093731261063,
        0.18055663343738276,
        0.1764007667378646,
        0.1743281088557704,
        0.1724565630925284,
        0.16909631614153156,
        0.16636974853378234,
        0.16633654929022143,
        0.1636176393863445,
        0.16351289067156274,
        0.16217472194747992,
        0.16092142717430458,
        0.1602499506048328,
        0.15745885878439775,
        0.15961553159791736,
        0.15676837986392858,
        0.1565645974236273,
        0.1565534109659422,
        0.15535038154702535,
        0.15662177052863244,
        0.15471523846373025,
        0.15590126236780252,
        0.1547615283859141,
        0.15543285256779252,
        0.15360855454126485,
        0.15335855307785598,
        0.15339157328917405,
        0.15262351934617743,
        0.15364072771967532,
        0.15360509385575732,
        0.1532401096383888,
        0.15313287197583847
    ],
    "training_accuracy_list": [
        0.849743189918668,
        0.886960484486441,
        0.8914840670472606,
        0.8935362670064615,
        0.8940082434325589,
        0.8956811728498042,
        0.9004750595830643,
        0.9043254158143991,
        0.906317430860205,
        0.9077460306465802,
        0.9086388791161729,
        0.9093220306769895,
        0.9104712457601313,
        0.9117706063640584,
        0.9130638428890786,
        0.9138637742993948,
        0.914493076200858,
        0.9150797207251078,
        0.9155675352863092,
        0.9161598815391965,
        0.9167636312493586,
        0.9178813812374271,
        0.918774863232424,
        0.9193707994626015,
        0.920115614162756,
        0.9209290607816943,
        0.9222577747293473,
        0.923012303485699,
        0.9236004262358919,
        0.9246364514468242,
        0.9260906034245004,
        0.9266975207616833,
        0.9270879835857792,
        0.9274186838467494,
        0.9275605935372806,
        0.9277838056546788,
        0.9278997408036397,
        0.9281846160603758,
        0.9283254698752335,
        0.9283210351974044,
        0.9284758265711536,
        0.9286282950184208,
        0.928676231774002,
        0.9287083303944794,
        0.9288217314418236,
        0.9286819335026395,
        0.9288160297131861,
        0.9289336542632247,
        0.9289045120946335,
        0.9292804038344337
    ],
    "validation_accuracy_list": [
        0.8923798575328967,
        0.8973203593838742,
        0.8995391373965882,
        0.899959114267923,
        0.8996828362038881,
        0.903781673612109,
        0.9086323637085241,
        0.9121649593879799,
        0.9148832618260697,
        0.9131665742888619,
        0.9153109368477956,
        0.9160174559836868,
        0.9172063925440848,
        0.9194020761056255,
        0.9199666071343037,
        0.9212949657517843,
        0.9218107418279857,
        0.9238610158821396,
        0.9250431096421899,
        0.9245632582678135,
        0.9275424424691561,
        0.9283199556586538,
        0.9286757812767297,
        0.9304480665667618,
        0.9308184331355764,
        0.9320732316493202,
        0.9330449092986814,
        0.9340157315979991,
        0.9331757778553296,
        0.9348856225921897,
        0.9346700743812397,
        0.9359607975968085,
        0.9350900512525746,
        0.9360112632493722,
        0.9360737038025442,
        0.936253327311669,
        0.9357623563867277,
        0.9368597704924764,
        0.9366827130334818,
        0.9365971780291367,
        0.9363046483142762,
        0.9367998959894347,
        0.9373994963698944,
        0.9371061113049904,
        0.9380846317546992,
        0.9381248332067416,
        0.9382377394124771,
        0.937495295574761,
        0.9374029177700682,
        0.9390819699053641
    ]
}