{
    "training_loss_list": [
        0.3781883875010145,
        0.306455864716531,
        0.28120501209024207,
        0.26045584538500444,
        0.24660284201775173,
        0.22959931038878556,
        0.22046470437019797,
        0.21442277550750663,
        0.21087166130841947,
        0.20861379804332675,
        0.2062571836856379,
        0.2054290783929733,
        0.20465437214557483,
        0.20357455098851038,
        0.20227544801644887,
        0.20201647578216197,
        0.20217259617250224,
        0.20193090904760702,
        0.2021964480070819,
        0.2014370918156925,
        0.1973374019262332,
        0.19456690904166035,
        0.19195587774196626,
        0.18942407259901442,
        0.18642381489938842,
        0.18350800651900254,
        0.18126422807459472,
        0.17873511239187467,
        0.17642938917230053,
        0.17420864934731067,
        0.17294255496038485,
        0.17183131324963993,
        0.17106195560020984,
        0.1700623026132358,
        0.1692218584344704,
        0.16869914962383598,
        0.1680539970365638,
        0.16781285264654855,
        0.16739583750175965,
        0.1671529181327836,
        0.166728498388057,
        0.16652034400681945,
        0.16615731033734643,
        0.16590808356394682,
        0.1656263287637856,
        0.1652874207237607,
        0.16522637200606627,
        0.16515019715456908,
        0.16482579556397994,
        0.16469730859513076,
        0.16458479319480532,
        0.16410997324986554,
        0.16424954669454056,
        0.16428054054825617,
        0.16416998028929747,
        0.16409840256484762,
        0.16385362882113866,
        0.16372757801576807,
        0.1636296660264742,
        0.16342988863713853,
        0.16364979551005085,
        0.16358323114625567,
        0.163216908374104
    ],
    "validation_loss_list": [
        0.3137839973590902,
        0.2900187510887173,
        0.2610638111378637,
        0.24571728764448877,
        0.22522311131535314,
        0.21316113013202728,
        0.1998610915166317,
        0.1960128875993193,
        0.19304999348606028,
        0.1905465341334956,
        0.18896668741883568,
        0.1875780964338985,
        0.1889433698788658,
        0.18878954630502964,
        0.18449771921587216,
        0.18569200651510046,
        0.18359220880915375,
        0.18380894205676945,
        0.18502922393024912,
        0.18180997083201228,
        0.1771410227222405,
        0.1731742886126834,
        0.1728425322184582,
        0.1677618007674221,
        0.16515534762183604,
        0.16295394243671407,
        0.16159542456200693,
        0.159219255766494,
        0.15720973156732235,
        0.15555857796454287,
        0.15673978667695787,
        0.15772615054996897,
        0.15483062029740702,
        0.15355394381102036,
        0.15465597115041224,
        0.15295582421410409,
        0.15136223635342008,
        0.15264877934106238,
        0.1513028865908074,
        0.1503646904058418,
        0.15177102043453838,
        0.15019434213341715,
        0.15026483634175636,
        0.14980937329033348,
        0.15081252936496045,
        0.14926653781554375,
        0.14873359316934462,
        0.1497325157356798,
        0.15153511272024933,
        0.1491374683222428,
        0.14881666248028957,
        0.14778346563023928,
        0.14778794656204527,
        0.14912609391466347,
        0.1501111439664782,
        0.14730447264480112,
        0.14832468936020032,
        0.14749648857755743,
        0.14618398503487898,
        0.14718174070883228,
        0.14948861894184232,
        0.14971132400880843,
        0.14760207524823055
    ],
    "training_accuracy_list": [
        0.8510480598013251,
        0.8973595883084914,
        0.9019835477057779,
        0.903482874308148,
        0.9053836784684497,
        0.9092640004941263,
        0.9115227825332405,
        0.9131482770360863,
        0.913882122272137,
        0.9143918782521189,
        0.9149321405005739,
        0.9151228988336814,
        0.9152816444159217,
        0.9153584750180025,
        0.9156450832934115,
        0.9158388545913064,
        0.9156109991292531,
        0.9158561791388344,
        0.915673141527995,
        0.9158077833919355,
        0.9172263248759411,
        0.9181917917800295,
        0.9192830499639951,
        0.9203502044296609,
        0.9215149036303213,
        0.922756810053661,
        0.9238548474083983,
        0.9249668197252778,
        0.9260066691975571,
        0.9271065896552867,
        0.9277920391444385,
        0.9283575349729888,
        0.9286445198689963,
        0.9291403408868361,
        0.9295519872009256,
        0.9297794660423804,
        0.9300632496633012,
        0.9302602222362827,
        0.930473389494997,
        0.9305831743994408,
        0.9306131157370163,
        0.9306342064905287,
        0.9309129057333707,
        0.9309260874543159,
        0.9311172224080217,
        0.9312045983868587,
        0.9312279488639617,
        0.9312313384493476,
        0.9314091033718089,
        0.9314808495958108,
        0.9314318889180142,
        0.9316503288651066,
        0.9315906345002546,
        0.9315104143127879,
        0.9316154914597513,
        0.9316269783880036,
        0.9317979641396931,
        0.9316542833813901,
        0.9317290425701795,
        0.9319179178002946,
        0.9317889252453306,
        0.93177706169648,
        0.9318478663689858
    ],
    "validation_accuracy_list": [
        0.8893316370089912,
        0.9004985116433931,
        0.9042564402542043,
        0.9055661024300915,
        0.9104359075004315,
        0.9138692842600752,
        0.9183183174010193,
        0.9183328267778951,
        0.9192392810069202,
        0.9218311139077723,
        0.9200120962384059,
        0.9216256916772687,
        0.9230544834738197,
        0.9235745300871021,
        0.9230537198224052,
        0.9227513138622586,
        0.9227513138622586,
        0.9237486426096108,
        0.9236188218691438,
        0.9243801823294118,
        0.9267360469431798,
        0.927848687054123,
        0.9289284901542423,
        0.9297249785795778,
        0.9305627041812969,
        0.9324252499812905,
        0.9331896650472166,
        0.9336585470157266,
        0.934547437262218,
        0.9349155172440126,
        0.9361740147751275,
        0.9362457980080916,
        0.9370858145640543,
        0.9352247960668898,
        0.9375035318877921,
        0.9381694359212461,
        0.9387643203731506,
        0.9383343846267806,
        0.9387910481726586,
        0.9383809673630659,
        0.9380136510326859,
        0.9368238821288769,
        0.9384008222998431,
        0.9390117434314523,
        0.9387963937325601,
        0.9383702762432626,
        0.9382297643829925,
        0.9389957067517476,
        0.9391606554572821,
        0.9390308347168151,
        0.9400090721788044,
        0.9394531339490401,
        0.9396073915347714,
        0.9382794017249358,
        0.9385359886002117,
        0.9373492743020608,
        0.9400442001438719,
        0.9390102161286233,
        0.9394752798400609,
        0.939220220267614,
        0.94025038602579,
        0.9389705062550687,
        0.9403443151497749
    ]
}