{
    "training_loss_list": [
        3.8047832188244386,
        0.3341412936105067,
        0.1905717574528752,
        0.1394215166494497,
        0.11290914955319742,
        0.09631242208715893,
        0.08457375076386836,
        0.07777731244739168,
        0.07232455000482875,
        0.06850619718120708,
        0.06498562296586272,
        0.06278528916166294,
        0.060478412127345504,
        0.05852999530500269,
        0.05745557340622477,
        0.05592425279134424,
        0.0551885726895909,
        0.053932558806261396,
        0.05304322753736842,
        0.051575017067942736,
        0.05111065265738963,
        0.05009022544112607,
        0.04923647362277815,
        0.04851196947492292,
        0.0474327390162481,
        0.047013669670452625,
        0.04633352275419587,
        0.04527876111155326,
        0.04433485162943734,
        0.043673778180781185,
        0.04316992615360885,
        0.042802543662914146,
        0.042291204571804575,
        0.04172536519850702,
        0.04132518843285299
    ],
    "validation_loss_list": [
        0.37596799468081576,
        0.15534694433966637,
        0.11308681001053855,
        0.08604813683327057,
        0.0705633480864208,
        0.0658662327032103,
        0.05463740748224157,
        0.04926525286324574,
        0.0473828567918825,
        0.042711731226680524,
        0.04407277065124803,
        0.04112807224817695,
        0.038147254007999114,
        0.03572839660355916,
        0.03560625591753243,
        0.03955616143534292,
        0.03347921217914611,
        0.03140571336709056,
        0.030806560419634116,
        0.03314182934727179,
        0.029477208207880662,
        0.030148948020715948,
        0.029539053684699175,
        0.028594254890527776,
        0.02747845043328103,
        0.027306792566165517,
        0.027134518771188297,
        0.025008152825776536,
        0.026359089192039293,
        0.024645817758190903,
        0.02364239688202897,
        0.026143862696483035,
        0.023852936299228758,
        0.025793643646343296,
        0.02458276074856526
    ],
    "training_accuracy_list": [
        0.9095782903835203,
        0.9511455292122001,
        0.9609190220518893,
        0.9671568007134701,
        0.9715280476892066,
        0.9747888288304575,
        0.9773805434785884,
        0.9791177059888702,
        0.980535494231679,
        0.9815578308461309,
        0.9823773572683256,
        0.9829959566012552,
        0.9834861283101184,
        0.9839407093724296,
        0.9842135709959958,
        0.9846020551432816,
        0.984825767778752,
        0.9850843178195776,
        0.9853579326843407,
        0.9856432227876553,
        0.9857637413791545,
        0.9860413107602012,
        0.9862699194634512,
        0.9864490025580072,
        0.9865832678013492,
        0.9867695066872754,
        0.9869099861704916,
        0.9871685362113173,
        0.9874666314149787,
        0.9876120069659746,
        0.9878084146080585,
        0.9878649076978238,
        0.9880217701770719,
        0.9881539640071226,
        0.9882918071461498
    ],
    "validation_accuracy_list": [
        0.9644902092252146,
        0.9745833899708133,
        0.9789415485934304,
        0.9820419733363472,
        0.9833669085405247,
        0.9853646206408868,
        0.9870087621363302,
        0.9884726818979487,
        0.9888545076052044,
        0.9896082315513273,
        0.9894768835080313,
        0.9898426725355823,
        0.9895448484839229,
        0.9909973134743237,
        0.990810982529183,
        0.9903459188177455,
        0.9915379786757978,
        0.991905295006178,
        0.9920847530885881,
        0.9917388189978145,
        0.9919450048797326,
        0.9916028890460313,
        0.9918350390760429,
        0.9924115958939991,
        0.9927567663333583,
        0.9927269839281924,
        0.9926116725646011,
        0.9932195390905523,
        0.9933585236479934,
        0.9934394706979316,
        0.9937151488585703,
        0.9932554307070343,
        0.993534163473331,
        0.9929102602676751,
        0.9931156824981787
    ]
}