{
    "training_loss_list": [
        1.8072636544398601,
        0.14088794378876843,
        0.1263636790926212,
        0.11363771661754947,
        0.10509858819169167,
        0.10044408318576009,
        0.09757797559449248,
        0.09575009370234545,
        0.09400372815507962,
        0.09299646069583697,
        0.09184272249555138,
        0.09099701346406724,
        0.09010237528917774,
        0.08963318755900788
    ],
    "validation_loss_list": [
        0.059902851399779494,
        0.0361665933048532,
        0.026672755652788,
        0.024160877155361662,
        0.022532530786277847,
        0.022965834820460815,
        0.023677862338013528,
        0.025372736966559416,
        0.024967401547705614,
        0.020161207046951825,
        0.023469360995675696,
        0.024016422203846845,
        0.02116394417987,
        0.025601790673944604
    ],
    "training_accuracy_list": [
        0.913974770939352,
        0.9544987707103667,
        0.9587007267271067,
        0.9630851554237886,
        0.9664257801319076,
        0.9682885456117675,
        0.9693265119810545,
        0.9701262658218314,
        0.9707599299786983,
        0.9712403095520022,
        0.9716474364189106,
        0.9719882780604943,
        0.9723901322390245,
        0.9726219422173613
    ],
    "validation_accuracy_list": [
        0.9834829835555304,
        0.9919152224745665,
        0.9948728444029696,
        0.9955860948241234,
        0.9961435603567168,
        0.9957456979697563,
        0.9956517688457714,
        0.9948827718713583,
        0.9949950286292916,
        0.9962756720514273,
        0.9953707451252312,
        0.99539594562191,
        0.9960740680779963,
        0.9948888810826745
    ]
}